time,lat,lon,alt
0.0000,30.483200,-86.525400,26.00
0.1000,30.483199,-86.525399,26.27
0.2000,30.483196,-86.525396,27.08
0.3000,30.483190,-86.525392,28.44
0.4000,30.483183,-86.525385,30.34
0.5000,30.483173,-86.525377,32.78
0.6000,30.483162,-86.525368,35.78
0.7000,30.483149,-86.525356,39.32
0.8000,30.483132,-86.525342,43.39
0.9000,30.483114,-86.525326,47.99
1.0000,30.483093,-86.525308,53.12
1.1000,30.483069,-86.525288,58.79
1.2000,30.483043,-86.525265,65.00
1.3000,30.483015,-86.525241,71.74
1.4000,30.482983,-86.525214,79.01
1.5000,30.482950,-86.525185,86.82
1.6000,30.482913,-86.525154,95.16
1.7000,30.482874,-86.525121,104.03
1.8000,30.482832,-86.525085,113.42
1.9000,30.482788,-86.525046,123.33
2.0000,30.482740,-86.525005,133.76
2.1000,30.482690,-86.524962,144.70
2.2000,30.482636,-86.524916,156.17
2.3000,30.482580,-86.524868,168.16
2.4000,30.482520,-86.524817,180.67
2.5000,30.482458,-86.524764,193.71
2.6000,30.482393,-86.524708,207.28
2.7000,30.482325,-86.524649,221.38
2.8000,30.482253,-86.524588,236.00
2.9000,30.482179,-86.524525,251.15
3.0000,30.482102,-86.524458,266.82
3.1000,30.482021,-86.524389,283.01
3.2000,30.481938,-86.524318,299.72
3.3000,30.481851,-86.524243,316.96
3.4000,30.481761,-86.524166,334.72
3.5000,30.481668,-86.524087,353.02
3.6000,30.481572,-86.524005,371.84
3.7000,30.481473,-86.523919,391.18
3.8000,30.481370,-86.523832,411.04
3.9000,30.481265,-86.523741,431.43
4.0000,30.481156,-86.523648,452.35
4.1000,30.481044,-86.523551,473.79
4.2000,30.480928,-86.523453,495.76
4.3000,30.480809,-86.523351,518.25
4.4000,30.480687,-86.523246,541.27
4.5000,30.480562,-86.523139,564.81
4.6000,30.480433,-86.523029,588.88
4.7000,30.480301,-86.522915,613.48
4.8000,30.480166,-86.522799,638.60
4.9000,30.480027,-86.522681,664.25
5.0000,30.479885,-86.522559,690.42
5.1000,30.479739,-86.522434,717.12
5.2000,30.479590,-86.522307,744.35
5.3000,30.479438,-86.522176,772.10
5.4000,30.479282,-86.522043,800.38
5.5000,30.479123,-86.521906,829.18
5.6000,30.478960,-86.521767,858.51
5.7000,30.478794,-86.521625,888.36
5.8000,30.478624,-86.521479,918.75
5.9000,30.478451,-86.521331,949.65
6.0000,30.478274,-86.521180,981.09
6.1000,30.478094,-86.521026,1013.05
6.2000,30.477910,-86.520869,1045.53
6.3000,30.477723,-86.520708,1078.54
6.4000,30.477532,-86.520545,1112.08
6.5000,30.477338,-86.520379,1146.14
6.6000,30.477140,-86.520209,1180.73
6.7000,30.476939,-86.520037,1215.84
6.8000,30.476733,-86.519862,1251.48
6.9000,30.476525,-86.519683,1287.64
7.0000,30.476313,-86.519502,1324.33
7.1000,30.476097,-86.519317,1361.54
7.2000,30.475877,-86.519129,1399.28
7.3000,30.475654,-86.518938,1437.54
7.4000,30.475428,-86.518745,1476.33
7.5000,30.475197,-86.518548,1515.64
7.6000,30.474963,-86.518347,1555.47
7.7000,30.474726,-86.518144,1595.83
7.8000,30.474484,-86.517938,1636.71
7.9000,30.474239,-86.517728,1678.12
8.0000,30.473991,-86.517516,1720.05
8.1000,30.473738,-86.517300,1762.50
8.2000,30.473482,-86.517081,1805.48
8.3000,30.473223,-86.516859,1848.98
8.4000,30.472959,-86.516634,1893.00
8.5000,30.472692,-86.516405,1937.54
8.6000,30.472421,-86.516174,1982.61
8.7000,30.472146,-86.515939,2028.20
8.8000,30.471868,-86.515701,2074.31
8.9000,30.471586,-86.515460,2120.94
9.0000,30.471300,-86.515215,2168.09
9.1000,30.471010,-86.514968,2215.77
9.2000,30.470717,-86.514717,2263.97
9.3000,30.470420,-86.514463,2312.68
9.4000,30.470119,-86.514206,2361.92
9.5000,30.469814,-86.513946,2411.68
9.6000,30.469506,-86.513682,2461.96
9.7000,30.469193,-86.513415,2512.76
9.8000,30.468877,-86.513145,2564.08
9.9000,30.468557,-86.512872,2615.93
10.0000,30.468234,-86.512595,2668.29
10.1000,30.467906,-86.512315,2721.17
10.2000,30.467575,-86.512032,2774.57
10.3000,30.467239,-86.511746,2828.49
10.4000,30.466900,-86.511456,2882.93
10.5000,30.466557,-86.511164,2937.90
10.6000,30.466211,-86.510867,2993.38
10.7000,30.465860,-86.510568,3049.38
10.8000,30.465505,-86.510265,3105.90
10.9000,30.465147,-86.509959,3162.93
11.0000,30.464785,-86.509650,3220.49
11.1000,30.464419,-86.509337,3278.57
11.2000,30.464049,-86.509021,3337.17
11.3000,30.463675,-86.508702,3396.29
11.4000,30.463297,-86.508379,3455.92
11.5000,30.462915,-86.508053,3516.08
11.6000,30.462529,-86.507724,3576.75
11.7000,30.462140,-86.507392,3637.95
11.8000,30.461746,-86.507056,3699.67
11.9000,30.461349,-86.506716,3761.90
12.0000,30.460947,-86.506374,3824.66
12.1000,30.460542,-86.506028,3887.94
12.2000,30.460132,-86.505678,3951.74
12.3000,30.459719,-86.505326,4016.06
12.4000,30.459302,-86.504970,4080.90
12.5000,30.458880,-86.504610,4146.26
12.6000,30.458455,-86.504247,4212.15
12.7000,30.458026,-86.503881,4278.55
12.8000,30.457592,-86.503511,4345.49
12.9000,30.457155,-86.503138,4412.94
13.0000,30.456713,-86.502761,4480.92
13.1000,30.456268,-86.502382,4549.42
13.2000,30.455818,-86.501998,4618.45
13.3000,30.455365,-86.501611,4688.00
13.4000,30.454907,-86.501221,4758.08
13.5000,30.454445,-86.500827,4828.68
13.6000,30.453980,-86.500430,4899.81
13.7000,30.453510,-86.500029,4971.48
13.8000,30.453036,-86.499625,5043.66
13.9000,30.452558,-86.499217,5116.38
14.0000,30.452075,-86.498806,5189.63
14.1000,30.451589,-86.498391,5263.41
14.2000,30.451098,-86.497973,5337.73
14.3000,30.450603,-86.497551,5412.57
14.4000,30.450104,-86.497126,5487.95
14.5000,30.449601,-86.496697,5563.87
14.6000,30.449094,-86.496265,5640.32
14.7000,30.448582,-86.495829,5717.31
14.8000,30.448067,-86.495389,5794.84
14.9000,30.447547,-86.494946,5872.91
15.0000,30.447022,-86.494499,5951.52
15.1000,30.446494,-86.494049,6030.68
15.2000,30.445961,-86.493595,6110.37
15.3000,30.445424,-86.493137,6190.62
15.4000,30.444882,-86.492676,6271.41
15.5000,30.444336,-86.492211,6352.75
15.6000,30.443786,-86.491742,6434.64
15.7000,30.443232,-86.491270,6517.08
15.8000,30.442673,-86.490794,6600.07
15.9000,30.442109,-86.490314,6683.62
16.0000,30.441542,-86.489830,6767.73
16.1000,30.440969,-86.489343,6852.40
16.2000,30.440393,-86.488852,6937.63
16.3000,30.439812,-86.488357,7023.43
16.4000,30.439226,-86.487858,7109.79
16.5000,30.438636,-86.487356,7196.71
16.6000,30.438041,-86.486849,7284.21
16.7000,30.437442,-86.486339,7372.28
16.8000,30.436838,-86.485825,7460.93
16.9000,30.436229,-86.485307,7550.15
17.0000,30.435616,-86.484785,7639.96
17.1000,30.434999,-86.484260,7730.35
17.2000,30.434376,-86.483730,7821.32
17.3000,30.433749,-86.483196,7912.88
17.4000,30.433117,-86.482658,8005.04
17.5000,30.432481,-86.482117,8097.79
17.6000,30.431840,-86.481571,8191.13
17.7000,30.431193,-86.481021,8285.08
17.8000,30.430542,-86.480467,8379.63
17.9000,30.429887,-86.479909,8474.80
18.0000,30.429226,-86.479347,8570.57
18.1000,30.428560,-86.478781,8666.95
18.2000,30.427890,-86.478210,8763.96
18.3000,30.427214,-86.477636,8861.59
18.4000,30.426533,-86.477057,8959.84
18.5000,30.425848,-86.476474,9058.73
18.6000,30.425157,-86.475886,9158.25
18.7000,30.424461,-86.475294,9258.41
18.8000,30.423760,-86.474698,9359.21
18.9000,30.423054,-86.474097,9460.66
19.0000,30.422343,-86.473493,9562.76
19.1000,30.421626,-86.472883,9665.51
19.2000,30.420904,-86.472269,9768.93
19.3000,30.420177,-86.471651,9873.02
19.4000,30.419444,-86.471028,9977.78
19.5000,30.418706,-86.470401,10083.22
19.6000,30.417963,-86.469769,10189.35
19.7000,30.417214,-86.469133,10296.17
19.8000,30.416460,-86.468492,10403.71
19.9000,30.415700,-86.467846,10511.98
20.0000,30.414936,-86.467196,10621.06
20.1000,30.414172,-86.466547,10730.38
20.2000,30.413415,-86.465904,10839.46
20.3000,30.412674,-86.465273,10948.45
20.4000,30.411963,-86.464667,11055.35
20.5000,30.411265,-86.464074,11155.65
20.6000,30.410621,-86.463525,11255.07
20.7000,30.410004,-86.462999,11350.46
20.8000,30.409389,-86.462475,11443.79
20.9000,30.408785,-86.461961,11536.72
21.0000,30.408206,-86.461467,11627.46
21.1000,30.407651,-86.460993,11714.11
21.2000,30.407117,-86.460538,11797.79
21.3000,30.406597,-86.460093,11880.85
21.4000,30.406077,-86.459650,11962.38
21.5000,30.405567,-86.459215,12040.89
21.6000,30.405065,-86.458787,12116.59
21.7000,30.404564,-86.458361,12191.09
21.8000,30.404073,-86.457943,12265.25
21.9000,30.403599,-86.457540,12338.25
22.1500,30.402452,-86.456561,12517.93
22.6500,30.400216,-86.454657,12854.70
23.1500,30.398088,-86.452844,13175.39
23.6500,30.396047,-86.451105,13483.70
24.1500,30.394050,-86.449406,13779.57
24.6500,30.392094,-86.447741,14066.08
25.1500,30.390187,-86.446118,14346.23
25.6500,30.388304,-86.444516,14619.00
26.1500,30.386439,-86.442930,14885.07
26.6500,30.384607,-86.441372,15146.88
27.1500,30.382786,-86.439824,15402.89
27.6500,30.380981,-86.438290,15654.12
28.1500,30.379195,-86.436772,15901.72
28.6500,30.377416,-86.435261,16144.13
29.1500,30.375653,-86.433764,16383.33
29.6500,30.373898,-86.432273,16618.28
30.1500,30.372153,-86.430792,16849.54
30.6500,30.370418,-86.429319,17077.50
31.1500,30.368689,-86.427852,17301.47
31.6500,30.366971,-86.426394,17522.62
32.1500,30.365255,-86.424939,17739.80
32.6500,30.363551,-86.423494,17954.34
33.1500,30.361849,-86.422051,18165.06
33.6500,30.360156,-86.420616,18373.20
34.1500,30.358466,-86.419183,18577.70
34.6500,30.356784,-86.417758,18779.64
35.1500,30.355104,-86.416335,18978.08
35.6500,30.353431,-86.414918,19173.97
36.1500,30.351761,-86.413504,19366.55
36.6500,30.350096,-86.412095,19556.46
37.1500,30.348435,-86.410689,19743.35
37.6500,30.346777,-86.409286,19927.37
38.1500,30.345124,-86.407888,20108.69
38.6500,30.343473,-86.406491,20286.93
39.1500,30.341828,-86.405099,20462.70
39.6500,30.340184,-86.403709,20635.39
40.1500,30.338544,-86.402323,20805.52
40.6500,30.336907,-86.400940,20972.88
41.1500,30.335272,-86.399558,21137.38
41.6500,30.333641,-86.398180,21299.42
42.1500,30.332012,-86.396804,21458.51
42.6500,30.330386,-86.395431,21615.06
43.1500,30.328763,-86.394060,21768.99
43.6500,30.327141,-86.392691,21920.07
44.1500,30.325522,-86.391325,22068.72
44.6500,30.323905,-86.389961,22214.65
45.1500,30.322290,-86.388598,22357.87
45.6500,30.320678,-86.387238,22498.67
46.1500,30.319068,-86.385880,22636.72
46.6500,30.317459,-86.384523,22772.15
47.1500,30.315853,-86.383169,22905.16
47.6500,30.314248,-86.381816,23035.45
48.1500,30.312645,-86.380465,23163.15
48.6500,30.311044,-86.379116,23288.44
49.1500,30.309445,-86.377769,23411.04
49.6500,30.307847,-86.376423,23531.07
50.1500,30.306251,-86.375079,23648.69
50.6500,30.304656,-86.373736,23763.68
51.1500,30.303063,-86.372394,23876.07
51.6500,30.301471,-86.371055,23986.06
52.1500,30.299881,-86.369717,24093.50
52.6500,30.298292,-86.368379,24198.32
53.1500,30.296705,-86.367044,24300.72
53.6500,30.295119,-86.365710,24400.64
54.1500,30.293534,-86.364377,24497.95
54.6500,30.291950,-86.363046,24592.78
55.1500,30.290368,-86.361715,24685.20
55.6500,30.288787,-86.360386,24775.06
56.1500,30.287207,-86.359059,24862.37
56.6500,30.285629,-86.357732,24947.28
57.1500,30.284052,-86.356407,25029.73
57.6500,30.282475,-86.355082,25109.60
58.1500,30.280900,-86.353759,25187.00
58.6500,30.279326,-86.352437,25262.02
59.1500,30.277753,-86.351117,25334.52
59.6500,30.276181,-86.349797,25404.48
60.1500,30.274610,-86.348478,25472.02
61.1500,30.271471,-86.345844,25599.77
62.1500,30.268336,-86.343214,25717.59
63.1500,30.265205,-86.340588,25825.64
64.1500,30.262078,-86.337965,25923.83
65.1500,30.258954,-86.335347,26012.26
66.1500,30.255834,-86.332732,26090.88
67.1500,30.252717,-86.330121,26159.76
68.1500,30.249604,-86.327513,26218.86
69.1500,30.246494,-86.324909,26268.23
70.1500,30.243388,-86.322309,26307.85
71.1500,30.240285,-86.319712,26337.78
72.1500,30.237185,-86.317118,26357.97
73.1500,30.234088,-86.314527,26368.49
74.1500,30.230994,-86.311940,26369.29
75.1500,30.227904,-86.309356,26360.46
76.1500,30.224817,-86.306776,26341.91
77.1500,30.221733,-86.304198,26313.75
78.1500,30.218653,-86.301624,26275.90
79.1500,30.215575,-86.299053,26228.48
80.1500,30.212501,-86.296486,26171.37
81.1500,30.209430,-86.293922,26104.71
82.1500,30.206363,-86.291361,26028.39
83.1500,30.203299,-86.288803,25942.54
84.1500,30.200238,-86.286249,25847.07
85.1500,30.197181,-86.283698,25742.07
86.1500,30.194127,-86.281150,25627.50
87.1500,30.191077,-86.278606,25503.42
88.1500,30.188031,-86.276066,25369.81
89.1500,30.184989,-86.273529,25226.70
90.1500,30.181950,-86.270996,25074.12
91.1500,30.178916,-86.268467,24912.05
92.1500,30.175886,-86.265941,24740.58
93.1500,30.172861,-86.263420,24559.64
94.1500,30.169839,-86.260903,24369.36
95.1500,30.166823,-86.258390,24169.66
96.1500,30.163812,-86.255881,23960.64
97.1500,30.160805,-86.253377,23742.31
98.1500,30.157804,-86.250878,23514.68
99.1500,30.154808,-86.248383,23277.83
100.1500,30.151818,-86.245894,23031.76
101.1500,30.148835,-86.243410,22776.52
102.1500,30.145857,-86.240931,22512.18
103.1500,30.142887,-86.238458,22238.76
104.1500,30.139923,-86.235992,21956.32
105.1500,30.136967,-86.233531,21664.94
106.1500,30.134019,-86.231078,21364.67
107.1500,30.131079,-86.228632,21055.58
108.1500,30.128148,-86.226193,20737.75
109.1500,30.125226,-86.223762,20411.28
110.1500,30.122314,-86.221339,20076.26
111.1500,30.119413,-86.218925,19732.78
112.1500,30.116523,-86.216521,19380.96
113.1500,30.113645,-86.214126,19020.92
114.1500,30.110779,-86.211742,18652.80
115.1500,30.107926,-86.209370,18276.75
116.1500,30.105088,-86.207009,17892.92
117.1500,30.102265,-86.204661,17501.49
118.1500,30.099459,-86.202326,17102.65
119.1500,30.096669,-86.200006,16696.62
120.1500,30.093898,-86.197701,16283.61
121.1500,30.091147,-86.195412,15863.88
122.1500,30.088416,-86.193141,15437.69
123.1500,30.085708,-86.190888,15005.35
124.1500,30.083024,-86.188655,14567.17
125.1500,30.080365,-86.186443,14123.49
126.1500,30.077733,-86.184254,13674.69
127.1500,30.075130,-86.182088,13221.16
128.1500,30.072558,-86.179948,12763.35
129.1500,30.070018,-86.177835,12301.70
130.1500,30.067513,-86.175750,11836.72
131.1500,30.065044,-86.173696,11368.93
132.1500,30.062615,-86.171674,10898.87
133.1500,30.060226,-86.169685,10427.09
134.1500,30.057879,-86.167732,9954.09
135.1500,30.055577,-86.165815,9480.36
136.1500,30.053320,-86.163936,9006.40
137.1500,30.051110,-86.162096,8532.69
138.1500,30.048949,-86.160296,8059.74
139.1500,30.046837,-86.158537,7588.03
140.1500,30.044775,-86.156820,7118.04
141.1500,30.042765,-86.155145,6650.24
142.1500,30.040808,-86.153514,6185.09
143.1500,30.038904,-86.151928,5723.01
144.1500,30.037054,-86.150385,5264.42
145.1500,30.035258,-86.148888,4809.71
146.1500,30.033517,-86.147436,4359.24
147.1500,30.031830,-86.146029,3913.35
148.1500,30.030198,-86.144668,3472.35
149.1500,30.028620,-86.143351,3036.50
150.1500,30.027097,-86.142080,2606.07
151.1500,30.025627,-86.140853,2181.25
152.1500,30.024211,-86.139670,1762.24
153.1500,30.022847,-86.138530,1349.19
154.1500,30.021534,-86.137434,942.22
155.1500,30.020272,-86.136379,541.42
156.1500,30.019060,-86.135366,146.87
156.4596,30.018695,-86.135060,26.00
