time,lat,lon,alt,ve,vn,vu
0.00,27.258525,-97.215206,0.0,1356.25,873.65,1511.77
0.75,27.264426,-97.204899,1134.1,1356.25,873.65,1504.39
1.50,27.270326,-97.194592,2262.6,1356.25,873.65,1497.02
2.26,27.276226,-97.184283,3385.5,1356.25,873.65,1489.64
3.01,27.282125,-97.173973,4502.9,1356.25,873.65,1482.27
3.76,27.288024,-97.163661,5614.8,1356.25,873.65,1474.89
4.51,27.293921,-97.153349,6721.1,1356.25,873.65,1467.52
5.26,27.299818,-97.143036,7821.9,1356.25,873.65,1460.14
6.02,27.305714,-97.132721,8917.2,1356.25,873.65,1452.77
6.77,27.311609,-97.122406,10006.9,1356.25,873.65,1445.40
7.52,27.317503,-97.112089,11091.0,1356.25,873.65,1438.02
8.27,27.323397,-97.101771,12169.6,1356.25,873.65,1430.65
9.02,27.329290,-97.091453,13242.7,1356.25,873.65,1423.27
9.78,27.335182,-97.081133,14310.2,1356.25,873.65,1415.90
10.53,27.341074,-97.070812,15372.1,1356.25,873.65,1408.52
11.28,27.346964,-97.060489,16428.5,1356.25,873.65,1401.15
12.03,27.352854,-97.050166,17479.4,1356.25,873.65,1393.77
12.78,27.358744,-97.039842,18524.7,1356.25,873.65,1386.40
13.54,27.364632,-97.029517,19564.5,1356.25,873.65,1379.03
14.29,27.370520,-97.019190,20598.8,1356.25,873.65,1371.65
15.04,27.376407,-97.008862,21627.4,1356.25,873.65,1364.28
15.79,27.382293,-96.998534,22650.6,1356.25,873.65,1356.90
16.54,27.388178,-96.988204,23668.2,1356.25,873.65,1349.53
17.30,27.394063,-96.977873,24680.2,1356.25,873.65,1342.15
18.05,27.399946,-96.967541,25686.8,1356.25,873.65,1334.78
18.80,27.405830,-96.957208,26687.7,1356.25,873.65,1327.40
19.55,27.411712,-96.946874,27683.1,1356.25,873.65,1320.03
20.30,27.417593,-96.936538,28673.0,1356.25,873.65,1312.66
21.06,27.423474,-96.926202,29657.3,1356.25,873.65,1305.28
21.81,27.429354,-96.915864,30636.1,1356.25,873.65,1297.91
22.56,27.435234,-96.905526,31609.3,1356.25,873.65,1290.53
23.31,27.441112,-96.895186,32577.0,1356.25,873.65,1283.16
24.06,27.446990,-96.884845,33539.2,1356.25,873.65,1275.78
24.82,27.452867,-96.874503,34495.8,1356.25,873.65,1268.41
25.57,27.458743,-96.864160,35446.8,1356.25,873.65,1261.03
26.32,27.464618,-96.853816,36392.3,1356.25,873.65,1253.66
27.07,27.470493,-96.843471,37332.3,1356.25,873.65,1246.28
27.82,27.476367,-96.833125,38266.7,1356.25,873.65,1238.91
28.58,27.482240,-96.822777,39195.6,1356.25,873.65,1231.54
29.33,27.488113,-96.812429,40118.9,1356.25,873.65,1224.16
30.08,27.493984,-96.802079,41036.7,1356.25,873.65,1216.79
30.83,27.499855,-96.791728,41948.9,1356.25,873.65,1209.41
31.58,27.505725,-96.781376,42855.6,1356.25,873.65,1202.04
32.34,27.511595,-96.771023,43756.8,1356.25,873.65,1194.66
33.09,27.517463,-96.760669,44652.4,1356.25,873.65,1187.29
33.84,27.523331,-96.750314,45542.4,1356.25,873.65,1179.91
34.59,27.529198,-96.739958,46426.9,1356.25,873.65,1172.54
35.34,27.535064,-96.729601,47305.9,1356.25,873.65,1165.17
36.10,27.540930,-96.719242,48179.3,1356.25,873.65,1157.79
36.85,27.546794,-96.708883,49047.2,1356.25,873.65,1150.42
37.60,27.552658,-96.698522,49909.5,1356.25,873.65,1143.04
38.35,27.558522,-96.688160,50766.3,1356.25,873.65,1135.67
39.10,27.564384,-96.677797,51617.5,1356.25,873.65,1128.29
39.86,27.570246,-96.667433,52463.2,1356.25,873.65,1120.92
40.61,27.576107,-96.657068,53303.3,1356.25,873.65,1113.54
41.36,27.581967,-96.646702,54137.9,1356.25,873.65,1106.17
42.11,27.587826,-96.636334,54967.0,1356.25,873.65,1098.80
42.86,27.593685,-96.625966,55790.5,1356.25,873.65,1091.42
43.62,27.599542,-96.615596,56608.5,1356.25,873.65,1084.05
44.37,27.605400,-96.605226,57420.9,1356.25,873.65,1076.67
45.12,27.611256,-96.594854,58227.7,1356.25,873.65,1069.30
45.87,27.617111,-96.584481,59029.1,1356.25,873.65,1061.92
46.62,27.622966,-96.574107,59824.8,1356.25,873.65,1054.55
47.38,27.628820,-96.563732,60615.1,1356.25,873.65,1047.17
48.13,27.634673,-96.553356,61399.8,1356.25,873.65,1039.80
48.88,27.640526,-96.542979,62178.9,1356.25,873.65,1032.43
49.63,27.646377,-96.532600,62952.5,1356.25,873.65,1025.05
50.38,27.652228,-96.522221,63720.6,1356.25,873.65,1017.68
51.14,27.658078,-96.511840,64483.1,1356.25,873.65,1010.30
51.89,27.663927,-96.501458,65240.0,1356.25,873.65,1002.93
52.64,27.669776,-96.491075,65991.4,1356.25,873.65,995.55
53.39,27.675624,-96.480691,66737.3,1356.25,873.65,988.18
54.14,27.681471,-96.470306,67477.6,1356.25,873.65,980.80
54.90,27.687317,-96.459920,68212.4,1356.25,873.65,973.43
55.65,27.693162,-96.449533,68941.6,1356.25,873.65,966.06
56.40,27.699007,-96.439144,69665.3,1356.25,873.65,958.68
57.15,27.704851,-96.428755,70383.5,1356.25,873.65,951.31
57.90,27.710694,-96.418364,71096.1,1356.25,873.65,943.93
58.65,27.716536,-96.407972,71803.1,1356.25,873.65,936.56
59.41,27.722378,-96.397579,72504.6,1356.25,873.65,929.18
60.16,27.728219,-96.387185,73200.6,1356.25,873.65,921.81
60.91,27.734059,-96.376790,73891.0,1356.25,873.65,914.43
61.66,27.739898,-96.366394,74575.9,1356.25,873.65,907.06
62.41,27.745737,-96.355997,75255.2,1356.25,873.65,899.69
63.17,27.751574,-96.345598,75929.0,1356.25,873.65,892.31
63.92,27.757411,-96.335199,76597.2,1356.25,873.65,884.94
64.67,27.763247,-96.324798,77259.9,1356.25,873.65,877.56
65.42,27.769083,-96.314396,77917.0,1356.25,873.65,870.19
66.17,27.774917,-96.303993,78568.6,1356.25,873.65,862.81
66.93,27.780751,-96.293589,79214.7,1356.25,873.65,855.44
67.68,27.786584,-96.283184,79855.2,1356.25,873.65,848.06
68.43,27.792416,-96.272778,80490.1,1356.25,873.65,840.69
69.18,27.798248,-96.262371,81119.6,1356.25,873.65,833.31
69.93,27.804078,-96.251962,81743.4,1356.25,873.65,825.94
70.69,27.809908,-96.241552,82361.7,1356.25,873.65,818.57
71.44,27.815737,-96.231142,82974.5,1356.25,873.65,811.19
72.19,27.821566,-96.220730,83581.8,1356.25,873.65,803.82
72.94,27.827393,-96.210317,84183.4,1356.25,873.65,796.44
73.69,27.833220,-96.199903,84779.6,1356.25,873.65,789.07
74.45,27.839046,-96.189488,85370.2,1356.25,873.65,781.69
75.20,27.844871,-96.179071,85955.2,1356.25,873.65,774.32
75.95,27.850696,-96.168654,86534.7,1356.25,873.65,766.94
76.70,27.856519,-96.158235,87108.7,1356.25,873.65,759.57
77.45,27.862342,-96.147816,87677.1,1356.25,873.65,752.20
78.21,27.868164,-96.137395,88240.0,1356.25,873.65,744.82
78.96,27.873985,-96.126973,88797.3,1356.25,873.65,737.45
79.71,27.879806,-96.116550,89349.1,1356.25,873.65,730.07
80.46,27.885626,-96.106126,89895.3,1356.25,873.65,722.70
81.21,27.891445,-96.095700,90436.0,1356.25,873.65,715.32
81.97,27.897263,-96.085274,90971.1,1356.25,873.65,707.95
82.72,27.903080,-96.074847,91500.7,1356.25,873.65,700.57
83.47,27.908897,-96.064418,92024.8,1356.25,873.65,693.20
84.22,27.914713,-96.053988,92543.3,1356.25,873.65,685.83
84.97,27.920528,-96.043557,93056.2,1356.25,873.65,678.45
85.73,27.926342,-96.033125,93563.7,1356.25,873.65,671.08
86.48,27.932155,-96.022692,94065.5,1356.25,873.65,663.70
87.23,27.937968,-96.012258,94561.8,1356.25,873.65,656.33
87.98,27.943780,-96.001823,95052.6,1356.25,873.65,648.95
88.73,27.949591,-95.991386,95537.9,1356.25,873.65,641.58
89.49,27.955401,-95.980948,96017.5,1356.25,873.65,634.20
90.24,27.961211,-95.970510,96491.7,1356.25,873.65,626.83
90.99,27.967019,-95.960070,96960.3,1356.25,873.65,619.46
91.74,27.972827,-95.949629,97423.3,1356.25,873.65,612.08
92.49,27.978634,-95.939187,97880.8,1356.25,873.65,604.71
93.25,27.984441,-95.928743,98332.8,1356.25,873.65,597.33
94.00,27.990246,-95.918299,98779.2,1356.25,873.65,589.96
94.75,27.996051,-95.907854,99220.1,1356.25,873.65,582.58
95.50,28.001855,-95.897407,99655.4,1356.25,873.65,575.21
96.25,28.007658,-95.886959,100085.2,1356.25,873.65,567.83
97.01,28.013461,-95.876510,100509.4,1356.25,873.65,560.46
97.76,28.019262,-95.866060,100928.1,1356.25,873.65,553.09
98.51,28.025063,-95.855609,101341.2,1356.25,873.65,545.71
99.26,28.030863,-95.845157,101748.8,1356.25,873.65,538.34
100.01,28.036663,-95.834704,102150.9,1356.25,873.65,530.96
100.77,28.042461,-95.824249,102547.4,1356.25,873.65,523.59
101.52,28.048259,-95.813794,102938.3,1356.25,873.65,516.21
102.27,28.054056,-95.803337,103323.7,1356.25,873.65,508.84
103.02,28.059852,-95.792879,103703.6,1356.25,873.65,501.46
103.77,28.065647,-95.782420,104077.9,1356.25,873.65,494.09
104.53,28.071441,-95.771960,104446.7,1356.25,873.65,486.71
105.28,28.077235,-95.761499,104809.9,1356.25,873.65,479.34
106.03,28.083028,-95.751036,105167.6,1356.25,873.65,471.97
106.78,28.088820,-95.740573,105519.8,1356.25,873.65,464.59
107.53,28.094611,-95.730108,105866.3,1356.25,873.65,457.22
108.29,28.100402,-95.719642,106207.4,1356.25,873.65,449.84
109.04,28.106192,-95.709175,106542.9,1356.25,873.65,442.47
109.79,28.111981,-95.698707,106872.9,1356.25,873.65,435.09
110.54,28.117769,-95.688238,107197.3,1356.25,873.65,427.72
111.29,28.123556,-95.677768,107516.1,1356.25,873.65,420.34
112.05,28.129343,-95.667296,107829.5,1356.25,873.65,412.97
112.80,28.135128,-95.656824,108137.2,1356.25,873.65,405.60
113.55,28.140913,-95.646350,108439.5,1356.25,873.65,398.22
114.30,28.146698,-95.635875,108736.1,1356.25,873.65,390.85
115.05,28.152481,-95.625399,109027.3,1356.25,873.65,383.47
115.81,28.158263,-95.614922,109312.9,1356.25,873.65,376.10
116.56,28.164045,-95.604444,109592.9,1356.25,873.65,368.72
117.31,28.169826,-95.593965,109867.4,1356.25,873.65,361.35
118.06,28.175606,-95.583484,110136.4,1356.25,873.65,353.97
118.81,28.181386,-95.573003,110399.8,1356.25,873.65,346.60
119.57,28.187164,-95.562520,110657.7,1356.25,873.65,339.23
120.32,28.192942,-95.552036,110910.0,1356.25,873.65,331.85
121.07,28.198719,-95.541551,111156.8,1356.25,873.65,324.48
121.82,28.204495,-95.531065,111398.0,1356.25,873.65,317.10
122.57,28.210271,-95.520578,111633.7,1356.25,873.65,309.73
123.33,28.216045,-95.510089,111863.8,1356.25,873.65,302.35
124.08,28.221819,-95.499600,112088.4,1356.25,873.65,294.98
124.83,28.227592,-95.489109,112307.4,1356.25,873.65,287.60
125.58,28.233364,-95.478617,112520.9,1356.25,873.65,280.23
126.33,28.239136,-95.468124,112728.9,1356.25,873.65,272.86
127.09,28.244906,-95.457630,112931.3,1356.25,873.65,265.48
127.84,28.250676,-95.447135,113128.2,1356.25,873.65,258.11
128.59,28.256445,-95.436638,113319.5,1356.25,873.65,250.73
129.34,28.262213,-95.426141,113505.3,1356.25,873.65,243.36
130.09,28.267981,-95.415642,113685.5,1356.25,873.65,235.98
130.85,28.273747,-95.405143,113860.2,1356.25,873.65,228.61
131.60,28.279513,-95.394642,114029.3,1356.25,873.65,221.23
132.35,28.285278,-95.384140,114192.9,1356.25,873.65,213.86
133.10,28.291042,-95.373636,114351.0,1356.25,873.65,206.49
133.85,28.296805,-95.363132,114503.5,1356.25,873.65,199.11
134.61,28.302568,-95.352627,114650.4,1356.25,873.65,191.74
135.36,28.308330,-95.342120,114791.8,1356.25,873.65,184.36
136.11,28.314091,-95.331612,114927.7,1356.25,873.65,176.99
136.86,28.319851,-95.321104,115058.0,1356.25,873.65,169.61
137.61,28.325610,-95.310594,115182.8,1356.25,873.65,162.24
138.37,28.331369,-95.300082,115302.0,1356.25,873.65,154.86
139.12,28.337126,-95.289570,115415.7,1356.25,873.65,147.49
139.87,28.342883,-95.279057,115523.8,1356.25,873.65,140.11
140.62,28.348639,-95.268542,115626.4,1356.25,873.65,132.74
141.37,28.354395,-95.258026,115723.5,1356.25,873.65,125.37
142.13,28.360149,-95.247510,115815.0,1356.25,873.65,117.99
142.88,28.365903,-95.236992,115900.9,1356.25,873.65,110.62
143.63,28.371656,-95.226472,115981.3,1356.25,873.65,103.24
144.38,28.377408,-95.215952,116056.2,1356.25,873.65,95.87
145.13,28.383159,-95.205431,116125.5,1356.25,873.65,88.49
145.89,28.388910,-95.194908,116189.3,1356.25,873.65,81.12
146.64,28.394659,-95.184385,116247.5,1356.25,873.65,73.74
147.39,28.400408,-95.173860,116300.2,1356.25,873.65,66.37
148.14,28.406156,-95.163334,116347.3,1356.25,873.65,59.00
148.89,28.411903,-95.152807,116388.9,1356.25,873.65,51.62
149.65,28.417650,-95.142278,116425.0,1356.25,873.65,44.25
150.40,28.423395,-95.131749,116455.5,1356.25,873.65,36.87
151.15,28.429140,-95.121218,116480.4,1356.25,873.65,29.50
151.90,28.434884,-95.110687,116499.8,1356.25,873.65,22.12
152.65,28.440627,-95.100154,116513.7,1356.25,873.65,14.75
153.41,28.446370,-95.089620,116522.0,1356.25,873.65,7.37
154.16,28.452111,-95.079085,116524.8,1356.25,873.65,0.00
154.91,28.457852,-95.068549,116522.0,1356.25,873.65,-7.37
155.66,28.463592,-95.058011,116513.7,1356.25,873.65,-14.75
156.41,28.469331,-95.047473,116499.8,1356.25,873.65,-22.12
157.17,28.475070,-95.036933,116480.4,1356.25,873.65,-29.50
157.92,28.480807,-95.026392,116455.5,1356.25,873.65,-36.87
158.67,28.486544,-95.015850,116425.0,1356.25,873.65,-44.25
159.42,28.492280,-95.005307,116388.9,1356.25,873.65,-51.62
160.17,28.498015,-94.994763,116347.3,1356.25,873.65,-59.00
160.93,28.503749,-94.984217,116300.2,1356.25,873.65,-66.37
161.68,28.509482,-94.973671,116247.5,1356.25,873.65,-73.74
162.43,28.515215,-94.963123,116189.3,1356.25,873.65,-81.12
163.18,28.520947,-94.952574,116125.5,1356.25,873.65,-88.49
163.93,28.526678,-94.942024,116056.2,1356.25,873.65,-95.87
164.69,28.532408,-94.931473,115981.3,1356.25,873.65,-103.24
165.44,28.538137,-94.920921,115900.9,1356.25,873.65,-110.62
166.19,28.543866,-94.910367,115815.0,1356.25,873.65,-117.99
166.94,28.549593,-94.899813,115723.5,1356.25,873.65,-125.37
167.69,28.555320,-94.889257,115626.4,1356.25,873.65,-132.74
168.44,28.561046,-94.878700,115523.8,1356.25,873.65,-140.11
169.20,28.566772,-94.868142,115415.7,1356.25,873.65,-147.49
169.95,28.572496,-94.857583,115302.0,1356.25,873.65,-154.86
170.70,28.578220,-94.847022,115182.8,1356.25,873.65,-162.24
171.45,28.583943,-94.836461,115058.0,1356.25,873.65,-169.61
172.20,28.589665,-94.825898,114927.7,1356.25,873.65,-176.99
172.96,28.595386,-94.815334,114791.8,1356.25,873.65,-184.36
173.71,28.601106,-94.804769,114650.4,1356.25,873.65,-191.74
174.46,28.606826,-94.794203,114503.5,1356.25,873.65,-199.11
175.21,28.612545,-94.783636,114351.0,1356.25,873.65,-206.49
175.96,28.618262,-94.773068,114192.9,1356.25,873.65,-213.86
176.72,28.623980,-94.762498,114029.3,1356.25,873.65,-221.23
177.47,28.629696,-94.751927,113860.2,1356.25,873.65,-228.61
178.22,28.635411,-94.741356,113685.5,1356.25,873.65,-235.98
178.97,28.641126,-94.730783,113505.3,1356.25,873.65,-243.36
179.72,28.646840,-94.720208,113319.5,1356.25,873.65,-250.73
180.48,28.652553,-94.709633,113128.2,1356.25,873.65,-258.11
181.23,28.658265,-94.699057,112931.3,1356.25,873.65,-265.48
181.98,28.663976,-94.688479,112728.9,1356.25,873.65,-272.86
182.73,28.669687,-94.677900,112520.9,1356.25,873.65,-280.23
183.48,28.675396,-94.667320,112307.4,1356.25,873.65,-287.60
184.24,28.681105,-94.656739,112088.4,1356.25,873.65,-294.98
184.99,28.686813,-94.646157,111863.8,1356.25,873.65,-302.35
185.74,28.692521,-94.635574,111633.7,1356.25,873.65,-309.73
186.49,28.698227,-94.624989,111398.0,1356.25,873.65,-317.10
187.24,28.703933,-94.614404,111156.8,1356.25,873.65,-324.48
188.00,28.709637,-94.603817,110910.0,1356.25,873.65,-331.85
188.75,28.715341,-94.593229,110657.7,1356.25,873.65,-339.23
189.50,28.721044,-94.582640,110399.8,1356.25,873.65,-346.60
190.25,28.726747,-94.572049,110136.4,1356.25,873.65,-353.97
191.00,28.732448,-94.561458,109867.4,1356.25,873.65,-361.35
191.76,28.738149,-94.550865,109592.9,1356.25,873.65,-368.72
192.51,28.743849,-94.540271,109312.9,1356.25,873.65,-376.10
193.26,28.749548,-94.529677,109027.3,1356.25,873.65,-383.47
194.01,28.755246,-94.519080,108736.1,1356.25,873.65,-390.85
194.76,28.760943,-94.508483,108439.5,1356.25,873.65,-398.22
195.52,28.766640,-94.497885,108137.2,1356.25,873.65,-405.60
196.27,28.772335,-94.487285,107829.5,1356.25,873.65,-412.97
197.02,28.778030,-94.476685,107516.1,1356.25,873.65,-420.34
197.77,28.783724,-94.466083,107197.3,1356.25,873.65,-427.72
198.52,28.789417,-94.455480,106872.9,1356.25,873.65,-435.09
199.28,28.795110,-94.444876,106542.9,1356.25,873.65,-442.47
200.03,28.800801,-94.434270,106207.4,1356.25,873.65,-449.84
200.78,28.806492,-94.423664,105866.3,1356.25,873.65,-457.22
201.53,28.812182,-94.413056,105519.8,1356.25,873.65,-464.59
202.28,28.817871,-94.402447,105167.6,1356.25,873.65,-471.97
203.04,28.823559,-94.391837,104809.9,1356.25,873.65,-479.34
203.79,28.829246,-94.381226,104446.7,1356.25,873.65,-486.71
204.54,28.834933,-94.370614,104077.9,1356.25,873.65,-494.09
205.29,28.840619,-94.360000,103703.6,1356.25,873.65,-501.46
206.04,28.846304,-94.349386,103323.7,1356.25,873.65,-508.84
206.80,28.851988,-94.338770,102938.3,1356.25,873.65,-516.21
207.55,28.857671,-94.328153,102547.4,1356.25,873.65,-523.59
208.30,28.863353,-94.317535,102150.9,1356.25,873.65,-530.96
209.05,28.869035,-94.306916,101748.8,1356.25,873.65,-538.34
209.80,28.874716,-94.296295,101341.2,1356.25,873.65,-545.71
210.56,28.880396,-94.285674,100928.1,1356.25,873.65,-553.09
211.31,28.886075,-94.275051,100509.4,1356.25,873.65,-560.46
212.06,28.891753,-94.264427,100085.2,1356.25,873.65,-567.83
212.81,28.897430,-94.253802,99655.4,1356.25,873.65,-575.21
213.56,28.903107,-94.243176,99220.1,1356.25,873.65,-582.58
214.32,28.908783,-94.232548,98779.2,1356.25,873.65,-589.96
215.07,28.914457,-94.221920,98332.8,1356.25,873.65,-597.33
215.82,28.920132,-94.211290,97880.8,1356.25,873.65,-604.71
216.57,28.925805,-94.200659,97423.3,1356.25,873.65,-612.08
217.32,28.931477,-94.190027,96960.3,1356.25,873.65,-619.46
218.08,28.937149,-94.179394,96491.7,1356.25,873.65,-626.83
218.83,28.942819,-94.168760,96017.5,1356.25,873.65,-634.20
219.58,28.948489,-94.158124,95537.9,1356.25,873.65,-641.58
220.33,28.954158,-94.147488,95052.6,1356.25,873.65,-648.95
221.08,28.959827,-94.136850,94561.8,1356.25,873.65,-656.33
221.84,28.965494,-94.126211,94065.5,1356.25,873.65,-663.70
222.59,28.971161,-94.115570,93563.7,1356.25,873.65,-671.08
223.34,28.976826,-94.104929,93056.2,1356.25,873.65,-678.45
224.09,28.982491,-94.094287,92543.3,1356.25,873.65,-685.83
224.84,28.988155,-94.083643,92024.8,1356.25,873.65,-693.20
225.60,28.993818,-94.072998,91500.7,1356.25,873.65,-700.57
226.35,28.999481,-94.062352,90971.1,1356.25,873.65,-707.95
227.10,29.005142,-94.051705,90436.0,1356.25,873.65,-715.32
227.85,29.010803,-94.041056,89895.3,1356.25,873.65,-722.70
228.60,29.016463,-94.030407,89349.1,1356.25,873.65,-730.07
229.36,29.022122,-94.019756,88797.3,1356.25,873.65,-737.45
230.11,29.027780,-94.009104,88240.0,1356.25,873.65,-744.82
230.86,29.033437,-93.998451,87677.1,1356.25,873.65,-752.20
231.61,29.039094,-93.987797,87108.7,1356.25,873.65,-759.57
232.36,29.044749,-93.977142,86534.7,1356.25,873.65,-766.94
233.12,29.050404,-93.966485,85955.2,1356.25,873.65,-774.32
233.87,29.056058,-93.955828,85370.2,1356.25,873.65,-781.69
234.62,29.061711,-93.945169,84779.6,1356.25,873.65,-789.07
235.37,29.067364,-93.934509,84183.4,1356.25,873.65,-796.44
236.12,29.073015,-93.923848,83581.8,1356.25,873.65,-803.82
236.88,29.078666,-93.913185,82974.5,1356.25,873.65,-811.19
237.63,29.084315,-93.902522,82361.7,1356.25,873.65,-818.57
238.38,29.089964,-93.891857,81743.4,1356.25,873.65,-825.94
239.13,29.095612,-93.881191,81119.6,1356.25,873.65,-833.31
239.88,29.101259,-93.870524,80490.1,1356.25,873.65,-840.69
240.64,29.106906,-93.859856,79855.2,1356.25,873.65,-848.06
241.39,29.112551,-93.849186,79214.7,1356.25,873.65,-855.44
242.14,29.118196,-93.838516,78568.6,1356.25,873.65,-862.81
242.89,29.123840,-93.827844,77917.0,1356.25,873.65,-870.19
243.64,29.129483,-93.817171,77259.9,1356.25,873.65,-877.56
244.40,29.135125,-93.806497,76597.2,1356.25,873.65,-884.94
245.15,29.140766,-93.795822,75929.0,1356.25,873.65,-892.31
245.90,29.146407,-93.785146,75255.2,1356.25,873.65,-899.69
246.65,29.152046,-93.774468,74575.9,1356.25,873.65,-907.06
247.40,29.157685,-93.763789,73891.0,1356.25,873.65,-914.43
248.16,29.163323,-93.753109,73200.6,1356.25,873.65,-921.81
248.91,29.168960,-93.742428,72504.6,1356.25,873.65,-929.18
249.66,29.174596,-93.731746,71803.1,1356.25,873.65,-936.56
250.41,29.180232,-93.721062,71096.1,1356.25,873.65,-943.93
251.16,29.185866,-93.710378,70383.5,1356.25,873.65,-951.31
251.92,29.191500,-93.699692,69665.3,1356.25,873.65,-958.68
252.67,29.197133,-93.689005,68941.6,1356.25,873.65,-966.06
253.42,29.202765,-93.678317,68212.4,1356.25,873.65,-973.43
254.17,29.208396,-93.667628,67477.6,1356.25,873.65,-980.80
254.92,29.214026,-93.656937,66737.3,1356.25,873.65,-988.18
255.68,29.219656,-93.646245,65991.4,1356.25,873.65,-995.55
256.43,29.225284,-93.635553,65240.0,1356.25,873.65,-1002.93
257.18,29.230912,-93.624859,64483.1,1356.25,873.65,-1010.30
257.93,29.236539,-93.614163,63720.6,1356.25,873.65,-1017.68
258.68,29.242165,-93.603467,62952.5,1356.25,873.65,-1025.05
259.44,29.247790,-93.592769,62178.9,1356.25,873.65,-1032.43
260.19,29.253414,-93.582071,61399.8,1356.25,873.65,-1039.80
260.94,29.259038,-93.571371,60615.1,1356.25,873.65,-1047.17
261.69,29.264660,-93.560670,59824.8,1356.25,873.65,-1054.55
262.44,29.270282,-93.549968,59029.1,1356.25,873.65,-1061.92
263.20,29.275903,-93.539264,58227.7,1356.25,873.65,-1069.30
263.95,29.281523,-93.528559,57420.9,1356.25,873.65,-1076.67
264.70,29.287142,-93.517854,56608.5,1356.25,873.65,-1084.05
265.45,29.292761,-93.507147,55790.5,1356.25,873.65,-1091.42
266.20,29.298378,-93.496439,54967.0,1356.25,873.65,-1098.80
266.96,29.303995,-93.485729,54137.9,1356.25,873.65,-1106.17
267.71,29.309611,-93.475019,53303.3,1356.25,873.65,-1113.54
268.46,29.315226,-93.464307,52463.2,1356.25,873.65,-1120.92
269.21,29.320840,-93.453594,51617.5,1356.25,873.65,-1128.29
269.96,29.326453,-93.442880,50766.3,1356.25,873.65,-1135.67
270.72,29.332065,-93.432165,49909.5,1356.25,873.65,-1143.04
271.47,29.337677,-93.421449,49047.2,1356.25,873.65,-1150.42
272.22,29.343287,-93.410731,48179.3,1356.25,873.65,-1157.79
272.97,29.348897,-93.400012,47305.9,1356.25,873.65,-1165.17
273.72,29.354506,-93.389292,46426.9,1356.25,873.65,-1172.54
274.48,29.360114,-93.378571,45542.4,1356.25,873.65,-1179.91
275.23,29.365722,-93.367849,44652.4,1356.25,873.65,-1187.29
275.98,29.371328,-93.357125,43756.8,1356.25,873.65,-1194.66
276.73,29.376933,-93.346401,42855.6,1356.25,873.65,-1202.04
277.48,29.382538,-93.335675,41948.9,1356.25,873.65,-1209.41
278.23,29.388142,-93.324948,41036.7,1356.25,873.65,-1216.79
278.99,29.393745,-93.314220,40118.9,1356.25,873.65,-1224.16
279.74,29.399347,-93.303490,39195.6,1356.25,873.65,-1231.54
280.49,29.404948,-93.292760,38266.7,1356.25,873.65,-1238.91
281.24,29.410548,-93.282028,37332.3,1356.25,873.65,-1246.28
281.99,29.416148,-93.271295,36392.3,1356.25,873.65,-1253.66
282.75,29.421747,-93.260561,35446.8,1356.25,873.65,-1261.03
283.50,29.427344,-93.249826,34495.8,1356.25,873.65,-1268.41
284.25,29.432941,-93.239089,33539.2,1356.25,873.65,-1275.78
285.00,29.438537,-93.228352,32577.0,1356.25,873.65,-1283.16
285.75,29.444133,-93.217613,31609.3,1356.25,873.65,-1290.53
286.51,29.449727,-93.206873,30636.1,1356.25,873.65,-1297.91
287.26,29.455320,-93.196131,29657.3,1356.25,873.65,-1305.28
288.01,29.460913,-93.185389,28673.0,1356.25,873.65,-1312.66
288.76,29.466505,-93.174645,27683.1,1356.25,873.65,-1320.03
289.51,29.472096,-93.163901,26687.7,1356.25,873.65,-1327.40
290.27,29.477686,-93.153155,25686.8,1356.25,873.65,-1334.78
291.02,29.483275,-93.142408,24680.2,1356.25,873.65,-1342.15
291.77,29.488863,-93.131659,23668.2,1356.25,873.65,-1349.53
292.52,29.494451,-93.120910,22650.6,1356.25,873.65,-1356.90
293.27,29.500037,-93.110159,21627.4,1356.25,873.65,-1364.28
294.03,29.505623,-93.099407,20598.8,1356.25,873.65,-1371.65
294.78,29.511208,-93.088654,19564.5,1356.25,873.65,-1379.03
295.53,29.516792,-93.077900,18524.7,1356.25,873.65,-1386.40
296.28,29.522375,-93.067144,17479.4,1356.25,873.65,-1393.77
297.03,29.527957,-93.056388,16428.5,1356.25,873.65,-1401.15
297.79,29.533538,-93.045630,15372.1,1356.25,873.65,-1408.52
298.54,29.539119,-93.034871,14310.2,1356.25,873.65,-1415.90
299.29,29.544699,-93.024111,13242.7,1356.25,873.65,-1423.27
300.04,29.550277,-93.013349,12169.6,1356.25,873.65,-1430.65
300.79,29.555855,-93.002587,11091.0,1356.25,873.65,-1438.02
301.55,29.561432,-92.991823,10006.9,1356.25,873.65,-1445.40
302.30,29.567008,-92.981058,8917.2,1356.25,873.65,-1452.77
303.05,29.572584,-92.970292,7821.9,1356.25,873.65,-1460.14
303.80,29.578158,-92.959525,6721.1,1356.25,873.65,-1467.52
304.55,29.583732,-92.948756,5614.8,1356.25,873.65,-1474.89
305.31,29.589304,-92.937986,4502.9,1356.25,873.65,-1482.27
306.06,29.594876,-92.927216,3385.5,1356.25,873.65,-1489.64
306.81,29.600447,-92.916444,2262.6,1356.25,873.65,-1497.02
307.56,29.606017,-92.905670,1134.1,1356.25,873.65,-1504.39
308.31,29.611587,-92.894896,0.0,1356.25,873.65,-1511.77
